,Country,Date,TimeStamp,Cloudiness,Humidity,Latitude,Longitude,Max Temp,Wind Speed (mph)
rikitea,pf,12/9/2017,12/9/2017 14:47,36,99,-23.12,-134.97,78.23,5.97
puerto ayora,ec,12/9/2017,12/9/2017 14:00,75,83,-0.74,-90.35,73.4,12.75
busselton,au,12/9/2017,12/9/2017 14:47,0,87,-33.65,115.33,72.02,12.01
cabo san lucas,mx,12/9/2017,12/9/2017 14:47,32,100,22.89,-109.91,76.16,15.82
bredasdorp,za,12/9/2017,12/9/2017 14:00,0,49,-34.53,20.04,71.6,17.22
anadyr,ru,12/9/2017,12/9/2017 14:00,90,84,64.75,177.48,8.6,4.47
ribeira grande,pt,12/9/2017,12/9/2017 14:30,20,83,38.52,-28.7,69.8,2.24
talnakh,ru,12/9/2017,12/9/2017 14:47,80,77,69.49,88.4,7.31,18.28
tiksi,ru,12/9/2017,12/9/2017 14:47,44,67,71.69,128.87,-14.74,3.85
huarmey,pe,12/9/2017,12/9/2017 14:47,36,77,-10.07,-78.15,68.42,3.4
sibolga,id,12/9/2017,12/9/2017 14:47,92,100,1.74,98.78,67.66,1.28
harlingen,nl,12/9/2017,12/9/2017 14:25,90,86,53.17,5.42,41,16.11
castro,cl,12/9/2017,12/9/2017 14:47,88,97,-42.47,-73.77,54.47,6.87
hermanus,za,12/9/2017,12/9/2017 14:47,0,53,-34.42,19.23,69.32,12.8
kinablangan,ph,12/9/2017,12/9/2017 14:47,88,100,7.69,126.55,81.61,1.28
corrente,br,12/9/2017,12/9/2017 14:47,56,57,-3.74,-43.34,91.19,11.01
okato,nz,12/9/2017,12/9/2017 14:47,88,96,-39.2,173.88,65.5,13.13
luanda,ao,12/9/2017,12/9/2017 14:00,75,62,-8.84,13.23,86,13.87
jamestown,sh,12/9/2017,12/9/2017 14:47,48,100,-15.94,-5.72,68.83,11.9
san felipe,mx,12/9/2017,12/9/2017 13:44,40,35,21.48,-101.22,41,5.82
kitgum,ug,12/9/2017,12/9/2017 14:47,56,28,3.28,32.89,87.95,5.64
souillac,mu,12/9/2017,12/9/2017 14:00,40,69,-20.52,57.52,80.6,11.41
mahebourg,mu,12/9/2017,12/9/2017 14:00,40,69,-20.41,57.7,80.6,11.41
hithadhoo,mv,12/9/2017,12/9/2017 14:47,0,100,-0.6,73.08,81.65,8.55
ushuaia,ar,12/9/2017,12/9/2017 14:00,75,70,-54.8,-68.3,42.8,13.87
hobart,au,12/9/2017,12/9/2017 14:00,40,54,-42.88,147.33,59,13.87
kahului,us,12/9/2017,12/9/2017 13:56,1,88,20.89,-156.47,64.4,5.82
cape town,za,12/9/2017,12/9/2017 14:00,0,49,-33.93,18.42,71.6,35.57
saint-philippe,re,12/9/2017,12/9/2017 14:00,20,65,-21.36,55.77,80.6,17.22
vaini,to,12/9/2017,12/9/2017 14:00,20,88,-21.2,-175.2,75.2,21.52
palaia fokaia,gr,12/9/2017,12/9/2017 14:20,40,48,37.72,23.95,62.6,17.22
katsuura,jp,12/9/2017,12/9/2017 14:00,20,70,35.13,140.3,42.8,10.29
hambantota,lk,12/9/2017,12/9/2017 14:47,76,100,6.12,81.12,79.45,1.83
kapaa,us,12/9/2017,12/9/2017 13:56,40,100,22.08,-159.32,68,5.82
dikson,ru,12/9/2017,12/9/2017 14:47,76,100,73.51,80.55,2.68,27.34
san patricio,mx,12/9/2017,12/9/2017 13:41,75,83,19.22,-104.7,71.6,3.96
sindor,ru,12/9/2017,12/9/2017 14:47,56,79,62.86,51.89,6.59,2.95
cayenne,gf,12/9/2017,12/9/2017 14:00,68,88,4.93,-52.33,78.8,3.36
tautira,pf,12/9/2017,12/9/2017 14:30,68,74,-17.73,-149.15,78.8,5.82
qaanaaq,gl,12/9/2017,12/9/2017 14:47,88,95,77.48,-69.36,22.52,12.12
punta arenas,cl,12/9/2017,12/9/2017 14:00,75,75,-53.15,-70.92,44.6,12.75
birkeland,no,12/9/2017,12/9/2017 14:20,40,64,58.33,8.23,37.4,9.17
gambela,et,12/9/2017,12/9/2017 14:47,0,41,8.25,34.58,79.4,3.29
melito di napoli,it,12/9/2017,12/9/2017 14:20,75,71,40.92,14.23,55.4,10.29
chernyshevskiy,ru,12/9/2017,12/9/2017 14:47,32,0,63.01,112.47,-32.02,4.29
nurota,uz,12/9/2017,12/9/2017 14:00,90,74,40.56,65.69,35.6,11.41
tura,ru,12/9/2017,12/9/2017 14:47,24,34,64.28,100.25,-23.61,2.51
lidkoping,se,12/9/2017,12/9/2017 14:20,80,69,58.51,13.16,39.2,8.05
comodoro rivadavia,ar,12/9/2017,12/9/2017 14:00,40,32,-45.87,-67.5,68,24.16
prince rupert,ca,12/9/2017,12/9/2017 14:00,90,66,54.32,-130.32,51.8,16.11
ilulissat,gl,12/9/2017,12/9/2017 13:50,75,47,69.22,-51.1,37.4,12.75
arraial do cabo,br,12/9/2017,12/9/2017 14:00,40,74,-22.97,-42.03,84.2,6.76
hasaki,jp,12/9/2017,12/9/2017 14:00,0,100,35.73,140.83,32,6.76
mar del plata,ar,12/9/2017,12/9/2017 14:00,0,65,-38,-57.56,77,9.17
jurmala,lv,12/9/2017,12/9/2017 14:20,75,86,56.97,23.77,33.8,12.75
griffith,au,12/9/2017,12/9/2017 14:47,0,68,-34.28,146.03,58.75,4.97
new norfolk,au,12/9/2017,12/9/2017 14:00,40,54,-42.78,147.06,59,13.87
koungou,yt,12/9/2017,12/9/2017 14:00,40,66,-12.73,45.2,86,10.29
avarua,ck,12/9/2017,12/9/2017 14:00,90,94,-21.21,-159.78,75.2,9.17
adrar,dz,12/9/2017,12/9/2017 14:00,0,37,27.87,-0.29,66.2,12.8
kirkuk,iq,12/9/2017,12/9/2017 14:47,0,70,35.47,44.39,42.01,5.53
gombong,id,12/9/2017,12/9/2017 14:47,24,93,-7.61,109.51,79.63,2.95
pisco,pe,12/9/2017,12/9/2017 14:00,90,82,-13.7,-76.22,68,5.82
vila franca do campo,pt,12/9/2017,12/9/2017 14:30,20,82,37.72,-25.43,68,6.93
atuona,pf,12/9/2017,12/9/2017 14:47,32,100,-9.8,-139.03,79.94,14.7
bengkulu,id,12/9/2017,12/9/2017 14:47,44,100,-3.8,102.27,79.63,5.64
faanui,pf,12/9/2017,12/9/2017 14:47,80,100,-16.48,-151.75,79.49,13.24
yarmouth,ca,12/9/2017,12/9/2017 14:04,90,93,43.83,-66.12,39.2,4.7
saskylakh,ru,12/9/2017,12/9/2017 14:47,76,65,71.92,114.08,-13.84,5.19
albany,au,12/9/2017,12/9/2017 14:47,20,50,-35.02,117.89,69.95,1.05
severo-kurilsk,ru,12/9/2017,12/9/2017 14:47,64,100,50.68,156.12,32.24,19.95
bestobe,kz,12/9/2017,12/9/2017 14:47,0,77,52.5,73.1,25.4,12.46
paamiut,gl,12/9/2017,12/9/2017 14:47,92,89,61.99,-49.67,34.04,9.89
mosquera,co,12/9/2017,12/9/2017 14:00,40,63,4.71,-74.23,62.6,3.36
cashel,ie,12/9/2017,12/9/2017 14:47,88,86,52.52,-7.89,36.43,4.63
pangnirtung,ca,12/9/2017,12/9/2017 14:47,76,92,66.15,-65.71,18.29,3.4
hilo,us,12/9/2017,12/9/2017 13:56,1,82,19.73,-155.09,60.8,6.93
kishi,ng,12/9/2017,12/9/2017 14:47,56,36,9.08,3.85,84.4,8.1
porto walter,br,12/9/2017,12/9/2017 14:47,0,73,-8.27,-72.74,87.46,2.95
tazmalt,dz,12/9/2017,12/9/2017 14:47,92,100,36.39,4.4,48.44,1.39
mao,td,12/9/2017,12/9/2017 14:47,0,16,14.12,15.31,85.61,7.2
bethel,us,12/9/2017,12/9/2017 14:40,90,92,41.37,-73.41,37.4,6.93
georgetown,sh,12/9/2017,12/9/2017 14:00,75,94,6.8,-58.16,78.8,9.17
luba,gq,12/9/2017,12/9/2017 14:47,68,100,3.46,8.55,78.05,10.89
briceni,md,12/9/2017,12/9/2017 14:47,8,87,48.36,27.7,39.85,10.45
mount isa,au,12/9/2017,12/9/2017 14:00,0,14,-20.73,139.5,87.8,12.75
kupang,id,12/9/2017,12/9/2017 14:00,40,94,-10.17,123.58,77,3.06
antofagasta,cl,12/9/2017,12/9/2017 14:00,20,59,-23.65,-70.4,66.2,11.41
sitka,us,12/9/2017,12/9/2017 13:53,90,62,57.05,-135.33,51.8,18.34
acandi,co,12/9/2017,12/9/2017 14:47,64,100,8.51,-77.28,77.96,2.39
vostok,ru,12/9/2017,12/9/2017 14:47,12,31,46.49,135.88,-22.48,1.95
khandbari,np,12/9/2017,12/9/2017 14:44,0,53,27.37,87.2,33.46,0.72
yulara,au,12/9/2017,12/9/2017 14:00,0,22,-25.24,130.99,75.2,10.29
parkes,au,12/9/2017,12/9/2017 14:47,0,65,-33.13,148.18,57.17,6.08
coquimbo,cl,12/9/2017,12/9/2017 14:00,90,82,-29.95,-71.34,60.8,6.93
araouane,ml,12/9/2017,12/9/2017 14:47,0,26,18.9,-3.53,78.23,14.36
podhum,ba,12/9/2017,12/9/2017 14:30,40,91,43.72,17,44.6,12.75
victoria,sc,12/9/2017,12/9/2017 14:00,75,83,-4.62,55.45,80.6,4.7
baruun-urt,mn,12/9/2017,12/9/2017 14:47,32,45,46.68,113.28,8.53,14.03
cherskiy,ru,12/9/2017,12/9/2017 14:47,36,67,68.75,161.3,-8.89,1.72
kaeo,nz,12/9/2017,12/9/2017 14:47,68,82,-35.1,173.78,60.95,4.29
mwanza,mw,12/9/2017,12/9/2017 14:00,75,69,-15.6,34.52,78.8,4.7
hofn,is,12/9/2017,12/9/2017 14:47,0,100,64.25,-15.21,31.3,19.06
chuy,uy,12/9/2017,12/9/2017 14:47,8,99,-33.7,-53.46,75.85,6.76
viedma,ar,12/9/2017,12/9/2017 14:47,8,42,-40.81,-63,70.36,17.72
kampene,cd,12/9/2017,12/9/2017 14:47,92,75,-3.6,26.67,76.52,2.39
nanakuli,us,12/9/2017,12/9/2017 13:57,1,100,21.39,-158.15,69.8,3.4
ferme-neuve,ca,12/9/2017,12/9/2017 14:47,88,71,46.7,-75.45,17.53,3.51
acarau,br,12/9/2017,12/9/2017 14:47,88,61,-2.89,-40.12,86.96,11.68
bluff,nz,12/9/2017,12/9/2017 14:47,80,96,-46.6,168.33,61.18,27.89
port alfred,za,12/9/2017,12/9/2017 14:43,88,82,-33.59,26.89,66.89,19.39
clyde river,ca,12/9/2017,12/9/2017 14:32,90,92,70.47,-68.59,12.2,12.75
fairbanks,us,12/9/2017,12/9/2017 14:24,90,100,64.84,-147.72,21.2,3.18
luwuk,id,12/9/2017,12/9/2017 14:47,92,100,-0.95,122.79,78.28,1.16
banswara,in,12/9/2017,12/9/2017 14:47,32,64,23.55,74.45,70.67,4.52
kavieng,pg,12/9/2017,12/9/2017 14:47,92,100,-2.57,150.8,80.53,1.5
matara,lk,12/9/2017,12/9/2017 14:47,24,98,5.95,80.54,78.14,3.96
ibra,om,12/9/2017,12/9/2017 14:47,68,89,22.69,58.53,60.23,2.62
college,us,12/9/2017,12/9/2017 14:24,90,100,64.86,-147.8,21.2,3.18
kieta,pg,12/9/2017,12/9/2017 14:47,92,100,-6.22,155.63,75.89,2.39
keti bandar,pk,12/9/2017,12/9/2017 14:47,44,87,24.14,67.45,75.26,14.81
ostrovnoy,ru,12/9/2017,12/9/2017 14:47,80,93,68.05,39.51,13.07,11.45
nizhneudinsk,ru,12/9/2017,12/9/2017 14:47,56,82,54.91,99.03,12.76,3.4
ixtapa,mx,12/9/2017,12/9/2017 13:47,40,42,20.7,-105.2,68,13.87
cabedelo,br,12/9/2017,12/9/2017 14:00,75,55,-6.98,-34.83,87.8,13.87
kandrian,pg,12/9/2017,12/9/2017 14:47,100,99,-6.22,149.55,76.21,3.18
severomuysk,ru,12/9/2017,12/9/2017 14:47,24,26,56.15,113.43,-21.4,1.95
yellowknife,ca,12/9/2017,12/9/2017 14:00,90,85,62.46,-114.35,10.4,4.7
kodiak,us,12/9/2017,12/9/2017 13:53,90,93,57.79,-152.41,39.2,12.75
gvarv,no,12/9/2017,12/9/2017 14:20,0,51,59.39,9.17,37.4,5.82
yashalta,ru,12/9/2017,12/9/2017 14:47,24,89,46.34,42.28,36.74,9.44
taksimo,ru,12/9/2017,12/9/2017 14:47,36,23,56.34,114.88,-17.76,2.73
ostersund,se,12/9/2017,12/9/2017 14:20,75,92,63.18,14.64,26.6,2.24
lagoa,pt,12/9/2017,12/9/2017 14:47,44,93,39.05,-27.98,67.93,13.13
caravelas,br,12/9/2017,12/9/2017 14:47,88,97,-17.71,-39.25,79.58,21.63
vanimo,pg,12/9/2017,12/9/2017 14:47,68,100,-2.67,141.3,82.19,3.4
rivadavia,ar,12/9/2017,12/9/2017 14:00,0,29,-33.19,-68.46,77,11.41
estevan,ca,12/9/2017,12/9/2017 14:15,1,85,49.13,-102.98,15.8,12.75
manoharpur,in,12/9/2017,12/9/2017 14:00,0,45,27.3,75.95,68,0.94
flinders,au,12/9/2017,12/9/2017 14:00,90,93,-34.58,150.86,60.8,3.36
waipawa,nz,12/9/2017,12/9/2017 14:30,0,77,-41.41,175.52,68,13.87
aykhal,ru,12/9/2017,12/9/2017 14:47,32,37,66,111.5,-25.45,5.19
maykor,ru,12/9/2017,12/9/2017 14:47,88,83,59.01,55.88,16,13.13
dwarka,in,12/9/2017,12/9/2017 14:47,24,94,22.24,68.97,76.34,6.64
umm lajj,sa,12/9/2017,12/9/2017 14:47,0,73,25.02,37.27,74.18,4.74
huntington,us,12/9/2017,12/9/2017 14:15,1,79,38.42,-82.45,24.8,3.36
benjamin constant,br,12/9/2017,12/9/2017 14:00,40,74,-4.38,-70.03,84.2,8.05
tiznit,ma,12/9/2017,12/9/2017 14:47,0,24,29.58,-9.5,65.72,3.4
cam ranh,vn,12/9/2017,12/9/2017 14:47,68,93,11.92,109.16,73.46,14.58
barrow,us,12/9/2017,12/9/2017 13:53,1,84,71.29,-156.79,-0.41,13.87
natal,br,12/9/2017,12/9/2017 14:00,40,62,-5.79,-35.21,86,13.87
okhotsk,ru,12/9/2017,12/9/2017 14:44,0,100,59.38,143.3,-8.31,7.76
sivaki,ru,12/9/2017,12/9/2017 14:47,12,33,52.63,126.75,-22.66,4.74
twentynine palms,us,12/9/2017,12/9/2017 13:56,1,21,34.14,-116.05,60.8,6.93
lima,pe,12/9/2017,12/9/2017 14:43,12,62,-12.04,-77.03,69.41,2.28
karpathos,gr,12/9/2017,12/9/2017 14:20,20,55,35.51,27.21,64.4,12.75
dennery,lc,12/9/2017,12/9/2017 14:00,20,69,13.9,-60.89,82.4,12.75
chokurdakh,ru,12/9/2017,12/9/2017 14:47,68,71,70.63,147.92,-5.16,8.77
tuatapere,nz,12/9/2017,12/9/2017 14:47,56,97,-46.13,167.68,57.4,21.63
ardon,ru,12/9/2017,12/9/2017 14:00,12,75,43.17,44.29,41,2.24
sao jose da coroa grande,br,12/9/2017,12/9/2017 14:47,20,67,-8.9,-35.15,87.5,16.04
thompson,ca,12/9/2017,12/9/2017 14:30,90,84,55.74,-97.86,3.2,2.73
kutum,sd,12/9/2017,12/9/2017 14:47,24,31,14.2,24.67,77.78,5.53
hamilton,bm,12/9/2017,12/9/2017 13:55,75,83,32.29,-64.78,73.4,21.92
yar-sale,ru,12/9/2017,12/9/2017 14:47,88,91,66.83,70.83,17.12,6.98
labuhan,id,12/9/2017,12/9/2017 14:47,92,100,-6.88,112.21,78.5,4.29
tsagan aman,ru,12/9/2017,12/9/2017 14:47,0,83,47.56,46.72,21.89,6.76
sembakung,id,12/9/2017,12/9/2017 14:47,20,94,3.82,117.25,77.11,2.17
belfast,za,12/9/2017,12/9/2017 14:47,20,59,-25.69,30.04,69.28,6.76
provideniya,ru,12/9/2017,12/9/2017 14:47,0,100,64.38,-173.3,20,16.15
saint george,bm,12/9/2017,12/9/2017 13:55,75,83,32.38,-64.68,73.4,21.92
lensk,ru,12/9/2017,12/9/2017 14:48,48,29,60.73,114.93,-20.5,6.64
aquiraz,br,12/9/2017,12/9/2017 14:00,75,58,-3.9,-38.39,87.8,11.41
teahupoo,pf,12/9/2017,12/9/2017 14:30,68,74,-17.83,-149.27,78.8,5.82
margate,za,12/9/2017,12/9/2017 14:48,36,78,-30.86,30.37,74.81,28.12
byron bay,au,12/9/2017,12/9/2017 14:00,68,77,-28.65,153.62,69.8,13.87
mehamn,no,12/9/2017,12/9/2017 14:48,88,100,71.04,27.85,24.55,15.82
naze,jp,12/9/2017,12/9/2017 14:48,68,100,28.37,129.48,62.08,8.55
mwene-ditu,cd,12/9/2017,12/9/2017 14:48,64,89,-7,23.45,75.13,4.74
sibu,my,12/9/2017,12/9/2017 14:00,75,94,2.3,111.82,75.2,4.7
hovd,mn,12/9/2017,12/9/2017 14:48,20,62,48.01,91.64,-10.69,1.95
coahuayana,mx,12/9/2017,12/9/2017 13:46,75,45,18.73,-103.68,66.2,23.04
tuktoyaktuk,ca,12/9/2017,12/9/2017 14:00,90,84,69.45,-133.04,5,18.34
tasiilaq,gl,12/9/2017,12/9/2017 13:50,75,100,65.61,-37.64,32,26.4
eskisehir,tr,12/9/2017,12/9/2017 13:50,40,61,39.78,30.52,46.4,9.17
east london,za,12/9/2017,12/9/2017 14:00,40,73,-33.02,27.91,69.8,29.97
qasigiannguit,gl,12/9/2017,12/9/2017 13:50,75,47,68.82,-51.19,37.4,12.75
kavaratti,in,12/9/2017,12/9/2017 14:48,0,100,10.57,72.64,81.61,10.89
mount gambier,au,12/9/2017,12/9/2017 14:48,92,88,-37.83,140.77,57.53,2.73
ulaangom,mn,12/9/2017,12/9/2017 14:48,0,23,49.98,92.07,-19.96,1.95
tomatlan,mx,12/9/2017,12/9/2017 14:48,20,50,19.93,-105.25,68.96,3.74
sukhinichi,ru,12/9/2017,12/9/2017 14:48,68,92,54.1,35.34,28.78,8.99
oussouye,sn,12/9/2017,12/9/2017 14:48,64,71,12.48,-16.55,84.76,11.56
carutapera,br,12/9/2017,12/9/2017 14:48,68,66,-1.2,-46.02,86.69,10.78
alofi,nu,12/9/2017,12/9/2017 14:00,92,94,-19.06,-169.92,73.4,8.1
amga,ru,12/9/2017,12/9/2017 14:48,64,0,60.9,131.96,-33.28,4.18
sal rei,cv,12/9/2017,12/9/2017 14:00,20,51,16.18,-22.92,82.4,13.87
khatanga,ru,12/9/2017,12/9/2017 14:48,0,0,71.97,102.5,-29.1,5.75
kogon,uz,12/9/2017,12/9/2017 14:00,40,74,39.72,64.55,35.6,9.17
sinnamary,gf,12/9/2017,12/9/2017 14:48,88,97,5.38,-52.95,80.84,10.78
bambous virieux,mu,12/9/2017,12/9/2017 14:00,40,69,-20.34,57.76,80.6,11.41
whitehorse,ca,12/9/2017,12/9/2017 14:00,90,84,60.72,-135.05,37.4,10.29
geraldton,au,12/9/2017,12/9/2017 14:00,36,73,-28.77,114.6,73.4,23.04
katherine,au,12/9/2017,12/9/2017 14:00,36,51,-14.47,132.27,86,8.05
kurilsk,ru,12/9/2017,12/9/2017 14:48,80,100,45.23,147.88,29.45,23.87
kudahuvadhoo,mv,12/9/2017,12/9/2017 14:48,24,100,2.67,72.89,81.83,8.32
martapura,id,12/9/2017,12/9/2017 14:00,40,88,-3.42,114.85,80.6,4.7
cairo,eg,12/9/2017,12/9/2017 14:30,0,42,30.06,31.25,68,14.99
vredefort,za,12/9/2017,12/9/2017 14:48,32,33,-27.01,27.36,81.7,11.79
chambas,cu,12/9/2017,12/9/2017 13:51,75,78,22.19,-78.91,80.6,4.7
onokhoy,ru,12/9/2017,12/9/2017 14:00,20,55,51.93,108.07,6.8,2.24
ndele,cf,12/9/2017,12/9/2017 14:48,0,27,8.41,20.65,91.64,9.33
parnarama,br,12/9/2017,12/9/2017 14:48,0,55,-5.68,-43.09,89.8,3.85
vao,nc,12/9/2017,12/9/2017 14:48,80,99,-22.67,167.48,76.21,11.01
mutsu,jp,12/9/2017,12/9/2017 14:48,88,100,41.29,141.22,35.53,14.36
dandeli,in,12/9/2017,12/9/2017 14:48,0,68,15.27,74.62,76.34,1.28
tezu,in,12/9/2017,12/9/2017 14:48,0,77,27.92,96.17,55.19,1.72
warri,ng,12/9/2017,12/9/2017 14:48,64,100,5.52,5.75,77.38,4.18
saint-joseph,re,12/9/2017,12/9/2017 14:00,20,65,-21.37,55.62,80.6,17.22
dunedin,nz,12/9/2017,12/9/2017 14:46,88,46,-45.87,170.5,60.91,10.56
broken hill,au,12/9/2017,12/9/2017 14:48,0,71,-31.95,141.43,59.06,7.43
camacupa,ao,12/9/2017,12/9/2017 14:48,92,94,-12.02,17.48,70.22,3.62
feodosiya,ua,12/9/2017,12/9/2017 14:48,24,96,45.03,35.38,50.78,16.04
sao goncalo do sapucai,br,12/9/2017,12/9/2017 14:48,8,92,-21.89,-45.6,77.83,3.06
te anau,nz,12/9/2017,12/9/2017 14:48,12,70,-45.42,167.72,51.1,14.03
port blair,in,12/9/2017,12/9/2017 14:48,12,96,11.67,92.75,84.31,10.11
chabua,in,12/9/2017,12/9/2017 14:48,0,86,27.48,95.17,56.68,1.72
taree,au,12/9/2017,12/9/2017 14:00,90,93,-31.9,152.47,60.8,5.82
lokosovo,ru,12/9/2017,12/9/2017 14:48,64,81,61.13,74.82,8.53,10.78
pasni,pk,12/9/2017,12/9/2017 14:48,0,81,25.26,63.47,71.71,10
kabo,cf,12/9/2017,12/9/2017 14:48,0,28,7.7,18.63,93.31,8.1
los llanos de aridane,es,12/9/2017,12/9/2017 14:30,20,56,28.66,-17.92,71.6,11.41
sao joao da barra,br,12/9/2017,12/9/2017 14:00,75,65,-21.64,-41.05,80.6,9.55
lompoc,us,12/9/2017,12/9/2017 14:35,1,44,34.64,-120.46,48.2,4.07
pontes e lacerda,br,12/9/2017,12/9/2017 14:48,20,77,-15.23,-59.34,88.9,7.31
lebu,cl,12/9/2017,12/9/2017 14:48,0,93,-37.62,-73.65,55.6,20.4
bundibugyo,ug,12/9/2017,12/9/2017 14:48,12,76,0.74,30.04,72.47,2.17
esperance,au,12/9/2017,12/9/2017 14:48,20,29,-33.87,121.9,70.63,11.12
aswan,eg,12/9/2017,12/9/2017 14:00,0,28,24.09,32.91,82.4,8.05
weihai,cn,12/9/2017,12/9/2017 14:48,68,100,37.5,122.11,46.55,18.95
mecca,sa,12/9/2017,12/9/2017 14:00,12,26,21.43,39.83,91.4,2.24
hildburghausen,de,12/9/2017,12/9/2017 14:20,75,90,50.43,10.73,32,20.8
pionerskiy,ru,12/9/2017,12/9/2017 14:00,75,69,54.95,20.23,35.6,13.42
syamzha,ru,12/9/2017,12/9/2017 14:48,88,90,60.02,41.06,22.34,10.67
buritis,br,12/9/2017,12/9/2017 14:48,48,69,-15.62,-46.42,83.81,11.01
timra,se,12/9/2017,12/9/2017 14:20,0,100,62.49,17.33,33.8,4.97
fortuna,us,12/9/2017,12/9/2017 14:35,90,84,40.6,-124.16,46.4,14.99
roebourne,au,12/9/2017,12/9/2017 14:48,0,68,-20.78,117.13,78.95,10.45
novobirilyussy,ru,12/9/2017,12/9/2017 14:48,0,83,56.95,90.67,7.81,6.76
beidao,cn,12/9/2017,12/9/2017 14:48,8,55,34.57,105.89,20.09,4.18
kalmunai,lk,12/9/2017,12/9/2017 14:48,88,100,7.42,81.82,74.86,2.17
medvode,si,12/9/2017,12/9/2017 14:30,75,92,46.13,14.43,32,2.24
morondava,mg,12/9/2017,12/9/2017 14:48,24,89,-20.28,44.28,81.25,5.75
sheridan,us,12/9/2017,12/9/2017 13:53,1,53,44.8,-106.96,44.6,3.36
saint-pierre,pm,12/9/2017,12/9/2017 14:00,0,100,46.77,-56.17,39.2,4.41
saldanha,za,12/9/2017,12/9/2017 14:00,0,38,-33.01,17.94,77,27.51
tiarei,pf,12/9/2017,12/9/2017 14:30,92,74,-17.53,-149.33,78.8,5.82
klaksvik,fo,12/9/2017,12/9/2017 14:20,80,100,62.23,-6.59,32,34.45
finschhafen,pg,12/9/2017,12/9/2017 14:48,56,94,-6.6,147.87,75.4,1.72
erdaojiang,cn,12/9/2017,12/9/2017 14:48,88,69,41.78,126.03,25.18,5.64
cairns,au,12/9/2017,12/9/2017 14:00,75,74,-16.92,145.77,78.8,8.05
igrim,ru,12/9/2017,12/9/2017 14:48,92,81,63.19,64.42,16.76,3.29
talcahuano,cl,12/9/2017,12/9/2017 14:00,0,63,-36.72,-73.12,64.4,9.17
paita,pe,12/9/2017,12/9/2017 14:00,0,69,-5.09,-81.11,75.2,17.22
rassvet,ru,12/9/2017,12/9/2017 14:48,32,85,46.83,40.75,40.66,9.78
half moon bay,us,12/9/2017,12/9/2017 14:35,1,100,37.46,-122.43,44.6,5.19
sao filipe,cv,12/9/2017,12/9/2017 14:48,68,88,14.9,-24.5,78.41,13.8
liverpool,ca,12/9/2017,12/9/2017 14:48,92,100,44.03,-64.72,40.07,5.08
denpasar,id,12/9/2017,12/9/2017 14:00,20,83,-8.65,115.22,82.4,3.36
necochea,ar,12/9/2017,12/9/2017 14:48,0,84,-38.55,-58.74,74.86,14.47
port elizabeth,za,12/9/2017,12/9/2017 14:00,90,68,-33.92,25.57,69.8,12.75
miyang,cn,12/9/2017,12/9/2017 14:48,32,84,24.4,103.44,40.66,2.28
butaritari,ki,12/9/2017,12/9/2017 14:48,12,100,3.07,172.79,82.73,7.76
vanderhoof,ca,12/9/2017,12/9/2017 14:48,64,73,54.02,-124.02,8.66,2.39
ati,td,12/9/2017,12/9/2017 14:48,0,19,13.22,18.34,91.28,4.63
cururupu,br,12/9/2017,12/9/2017 14:48,68,57,-1.83,-44.87,89.21,10.67
dera bugti,pk,12/9/2017,12/9/2017 14:48,0,63,29.03,69.15,47.5,1.72
enderby,ca,12/9/2017,12/9/2017 14:36,90,74,50.55,-119.15,28.4,4.7
altay,cn,12/9/2017,12/9/2017 14:48,12,52,47.87,88.12,-3.67,3.18
mackenzie,ca,12/9/2017,12/9/2017 14:00,90,100,55.3,-123.17,15.8,2.24
makakilo city,us,12/9/2017,12/9/2017 13:57,1,93,21.35,-158.09,69.8,3.36
banda aceh,id,12/9/2017,12/9/2017 14:48,68,100,5.56,95.32,73.82,2.51
husavik,is,12/9/2017,12/9/2017 14:00,75,85,66.04,-17.34,19.4,2.24
puerto escondido,mx,12/9/2017,12/9/2017 13:45,5,83,15.85,-97.07,71.6,11.41
vardo,no,12/9/2017,12/9/2017 14:48,92,100,70.37,31.11,29.45,23.42
lakes entrance,au,12/9/2017,12/9/2017 14:48,0,95,-37.88,147.98,59.06,3.62
deer lake,ca,12/9/2017,12/9/2017 14:00,90,69,49.17,-57.43,32,8.05
gopalpur,in,12/9/2017,12/9/2017 14:48,44,100,19.27,84.92,76.43,19.51
ornskoldsvik,se,12/9/2017,12/9/2017 14:20,92,100,63.29,18.72,33.8,5.82
sao desiderio,br,12/9/2017,12/9/2017 14:48,20,77,-12.36,-44.97,83.41,10.67
marsh harbour,bs,12/9/2017,12/9/2017 14:48,8,94,26.54,-77.06,79.94,21.85
kaputa,zm,12/9/2017,12/9/2017 14:48,76,77,-8.47,29.66,75.89,3.18
riyadh,sa,12/9/2017,12/9/2017 14:00,0,14,24.69,46.72,60.8,11.41
pacific grove,us,12/9/2017,12/9/2017 14:35,1,74,36.62,-121.92,51.8,5.64
sadiqabad,pk,12/9/2017,12/9/2017 14:48,0,43,28.31,70.13,54.25,2.95
contamana,pe,12/9/2017,12/9/2017 14:48,0,67,-7.33,-75.02,87.68,3.06
waycross,us,12/9/2017,12/9/2017 13:55,90,93,31.21,-82.35,44.6,8.05
pevek,ru,12/9/2017,12/9/2017 14:48,76,99,69.7,170.31,11,2.51
sisimiut,gl,12/9/2017,12/9/2017 14:48,32,97,66.94,-53.67,16.63,3.4
kruisfontein,za,12/9/2017,12/9/2017 14:48,36,80,-34,24.73,64.91,11.68
vila velha,br,12/9/2017,12/9/2017 14:00,20,74,-20.33,-40.29,80.6,13.87
longyearbyen,sj,12/9/2017,12/9/2017 13:50,40,68,78.22,15.64,24.8,20.8
luderitz,na,12/9/2017,12/9/2017 14:00,0,45,-26.65,15.16,82.4,25.28
la macarena,co,12/9/2017,12/9/2017 14:48,36,77,2.18,-73.78,82.06,1.61
dakar,sn,12/9/2017,12/9/2017 14:00,44,42,14.69,-17.44,80.6,11.41
lewisporte,ca,12/9/2017,12/9/2017 14:00,90,87,49.25,-55.05,32,11.41
plouzane,fr,12/9/2017,12/9/2017 14:30,90,93,48.38,-4.62,44.6,5.82
general pico,ar,12/9/2017,12/9/2017 14:48,0,43,-35.66,-63.76,83.05,13.02
rafaela,ar,12/9/2017,12/9/2017 14:45,0,69,-31.25,-61.49,87.14,6.2
tynda,ru,12/9/2017,12/9/2017 14:48,48,64,55.17,124.72,-15.46,7.2
tam ky,vn,12/9/2017,12/9/2017 14:00,75,94,15.57,108.48,68,1.12
salalah,om,12/9/2017,12/9/2017 13:50,0,27,17.02,54.09,78.8,18.34
empangeni,za,12/9/2017,12/9/2017 14:48,0,63,-28.76,31.89,81.47,10.67
clarence town,bs,12/9/2017,12/9/2017 14:48,48,96,23.1,-74.98,80.93,15.48
sola,vu,12/9/2017,12/9/2017 14:48,0,99,-13.88,167.55,81.43,4.41
lengshuitan,cn,12/9/2017,12/9/2017 14:48,8,75,26.41,111.6,39.76,2.62
puerto rico,co,12/9/2017,12/9/2017 14:48,20,84,1.91,-75.14,80.84,2.73
abha,sa,12/9/2017,12/9/2017 14:00,0,20,18.22,42.51,68,11.41
oktyabrskoye,ru,12/9/2017,12/9/2017 14:48,20,78,43.06,44.74,24.86,2.73
primero de enero,cu,12/9/2017,12/9/2017 13:51,75,78,21.95,-78.43,80.6,4.7
dong hoi,vn,12/9/2017,12/9/2017 14:48,48,100,17.48,106.6,69.01,5.97
ponta do sol,cv,12/9/2017,12/9/2017 14:48,32,100,17.2,-25.09,75.8,17.16
dillon,us,12/9/2017,12/9/2017 14:35,90,100,34.42,-79.37,37.4,5.82
alugan,ph,12/9/2017,12/9/2017 14:48,36,100,12.22,125.48,77.83,4.97
cidreira,br,12/9/2017,12/9/2017 14:48,0,77,-30.18,-50.21,79.45,7.43
miraflores,co,12/9/2017,12/9/2017 14:48,8,86,1.34,-71.95,80.75,2.95
upernavik,gl,12/9/2017,12/9/2017 14:48,92,87,72.79,-56.15,32.06,7.76
nova soure,br,12/9/2017,12/9/2017 14:48,92,39,-11.23,-38.48,92,9.66
gazanjyk,tm,12/9/2017,12/9/2017 14:48,44,94,39.24,55.52,35.93,3.18
kaniama,cd,12/9/2017,12/9/2017 14:48,92,87,-7.57,24.18,73.82,2.62
portland,au,12/9/2017,12/9/2017 14:48,100,100,-38.33,141.6,60.68,9.78
ancud,cl,12/9/2017,12/9/2017 14:48,92,87,-41.87,-73.82,55.96,7.54
the valley,ai,12/9/2017,12/9/2017 14:00,40,61,18.22,-63.06,82.4,14.99
lumut,my,12/9/2017,12/9/2017 14:00,75,88,4.23,100.63,77,2.24
hede,cn,12/9/2017,12/9/2017 14:48,64,65,33.77,120.25,33.77,9.33
along,in,12/9/2017,12/9/2017 14:48,0,82,28.17,94.77,54.92,1.72
san borja,bo,12/9/2017,12/9/2017 14:48,32,86,-14.82,-66.85,81.2,3.74
humaita,br,12/9/2017,12/9/2017 14:48,64,74,-7.51,-63.02,86.6,2.95
nemuro,jp,12/9/2017,12/9/2017 14:48,0,100,43.32,145.57,30.89,25.55
sevlievo,bg,12/9/2017,12/9/2017 14:30,36,79,43.03,25.11,55.4,12.75
beringovskiy,ru,12/9/2017,12/9/2017 14:48,80,100,63.05,179.32,22.75,8.77
shingu,jp,12/9/2017,12/9/2017 14:48,12,100,33.73,135.98,48.62,9.44
dehloran,ir,12/9/2017,12/9/2017 14:48,0,62,32.69,47.27,51.1,7.99
burgeo,ca,12/9/2017,12/9/2017 14:48,76,100,47.62,-57.62,38.27,6.87
bhandaria,bd,12/9/2017,12/9/2017 14:48,92,98,22.49,90.06,73.28,9.22
georgetown,gy,12/9/2017,12/9/2017 14:00,75,94,6.8,-58.16,78.8,9.17
broome,au,12/9/2017,12/9/2017 14:00,32,79,-17.97,122.23,86,11.41
villamartin,es,12/9/2017,12/9/2017 14:30,90,72,36.86,-5.64,64.4,6.93
matipo,br,12/9/2017,12/9/2017 14:48,24,94,-20.28,-42.34,77.78,4.63
high level,ca,12/9/2017,12/9/2017 14:00,20,92,58.52,-117.14,23,4.85
neiafu,to,12/9/2017,12/9/2017 14:00,20,94,-18.65,-173.98,68,7.54
grand gaube,mu,12/9/2017,12/9/2017 14:00,40,69,-20.01,57.66,80.6,11.41
port hedland,au,12/9/2017,12/9/2017 14:00,0,78,-20.32,118.57,82.4,11.41
quelimane,mz,12/9/2017,12/9/2017 14:00,40,58,-17.88,36.89,86,9.17
san cristobal,ec,12/9/2017,12/9/2017 14:00,20,78,-0.9,-89.62,73.4,9.17
yeppoon,au,12/9/2017,12/9/2017 14:00,44,88,-23.13,150.73,73.4,5.82
qaqortoq,gl,12/9/2017,12/9/2017 13:50,75,33,60.72,-46.03,46.4,28.86
hualmay,pe,12/9/2017,12/9/2017 14:48,24,76,-11.1,-77.61,68.69,4.29
yichun,cn,12/9/2017,12/9/2017 14:48,44,59,47.7,128.9,-13.12,3.06
kochki,ru,12/9/2017,12/9/2017 14:48,8,80,54.34,80.48,3.98,4.18
norman wells,ca,12/9/2017,12/9/2017 14:00,90,92,65.28,-126.83,19.4,3.36
presidente medici,br,12/9/2017,12/9/2017 14:48,56,80,-11.18,-61.9,85.34,4.52
san vicente,ph,12/9/2017,12/9/2017 14:00,90,78,15.3,120.65,80.6,4.7
berberati,cf,12/9/2017,12/9/2017 14:48,68,63,4.26,15.79,82.73,6.64
laguna,br,12/9/2017,12/9/2017 14:48,0,96,-28.48,-48.78,72.47,6.76
balkanabat,tm,12/9/2017,12/9/2017 14:48,0,88,39.51,54.37,30.08,2.17
danville,us,12/9/2017,12/9/2017 14:17,90,93,36.59,-79.4,33.8,5.82
jeremie,ht,12/9/2017,12/9/2017 14:48,56,91,18.65,-74.12,81.25,10.33
boyolangu,id,12/9/2017,12/9/2017 14:49,76,100,-8.12,111.89,79.13,7.43
chiredzi,zw,12/9/2017,12/9/2017 14:49,0,60,-21.05,31.67,81.56,4.41
sujiatun,cn,12/9/2017,12/9/2017 14:00,76,68,41.66,123.34,26.6,4.47
chuzhou,cn,12/9/2017,12/9/2017 14:49,12,88,32.32,118.3,32.87,9.1
chibuto,mz,12/9/2017,12/9/2017 14:49,0,50,-24.69,33.53,85.97,4.63
areosa,pt,12/9/2017,12/9/2017 14:30,75,93,41.72,-8.86,60.8,5.82
abu dhabi,ae,12/9/2017,12/9/2017 14:00,20,53,24.47,54.37,73.4,10.29
evensk,ru,12/9/2017,12/9/2017 14:49,12,100,61.95,159.23,-0.3,13.24
nelson bay,au,12/9/2017,12/9/2017 14:00,0,93,-32.72,152.15,59,6.42
waddan,ly,12/9/2017,12/9/2017 14:49,76,38,29.16,16.14,58.34,3.4
maningrida,au,12/9/2017,12/9/2017 14:49,12,72,-12.07,134.27,85.21,8.66
guerrero negro,mx,12/9/2017,12/9/2017 14:44,12,84,27.98,-114.06,50.65,1.83
sol-iletsk,ru,12/9/2017,12/9/2017 14:49,68,82,51.16,54.99,19.01,15.14
haines junction,ca,12/9/2017,12/9/2017 14:49,8,63,60.75,-137.51,8.75,2.17
tadine,nc,12/9/2017,12/9/2017 14:49,92,96,-21.55,167.88,77.51,10.45
carnarvon,au,12/9/2017,12/9/2017 14:49,20,100,-24.87,113.63,71.39,7.2
vancouver,ca,12/9/2017,12/9/2017 14:35,1,100,49.25,-123.12,33.8,3.18
morro bay,us,12/9/2017,12/9/2017 13:56,1,52,35.37,-120.85,41,2.62
camana,pe,12/9/2017,12/9/2017 14:49,20,98,-16.62,-72.71,65.54,7.87
monrovia,lr,12/9/2017,12/9/2017 14:30,75,62,6.3,-10.8,89.6,14.99
inuvik,ca,12/9/2017,12/9/2017 14:00,90,85,68.35,-133.72,12.2,4.7
snezhnogorsk,ru,12/9/2017,12/9/2017 14:00,75,79,69.19,33.25,19.4,8.95
savonlinna,fi,12/9/2017,12/9/2017 14:20,90,92,61.87,28.92,33.8,8.05
lorengau,pg,12/9/2017,12/9/2017 14:49,36,100,-2.02,147.27,82.82,3.18
port hardy,ca,12/9/2017,12/9/2017 14:00,75,65,50.7,-127.42,44.6,24.16
namatanai,pg,12/9/2017,12/9/2017 14:49,88,100,-3.67,152.43,80.66,9.44
tromso,no,12/9/2017,12/9/2017 14:20,0,79,69.65,18.96,26.6,5.82
bulgan,mn,12/9/2017,12/9/2017 14:49,64,69,48.81,103.53,4.21,2.73
bodden town,ky,12/9/2017,12/9/2017 14:00,90,100,19.28,-81.25,75.2,14.99
boksitogorsk,ru,12/9/2017,12/9/2017 14:49,92,93,59.47,33.85,33.73,5.64
la ronge,ca,12/9/2017,12/9/2017 14:00,20,92,55.1,-105.28,19.4,5.82
lithakia,gr,12/9/2017,12/9/2017 14:20,40,59,37.72,20.83,62.6,9.17
nabire,id,12/9/2017,12/9/2017 14:49,92,97,-3.37,135.48,69.41,1.83
touros,br,12/9/2017,12/9/2017 14:49,80,71,-5.2,-35.46,84.44,11.34
trollhattan,se,12/9/2017,12/9/2017 14:20,48,69,58.28,12.29,39.2,8.05
shanghai,cn,12/9/2017,12/9/2017 14:00,0,65,31.22,121.46,41,6.71
severo-yeniseyskiy,ru,12/9/2017,12/9/2017 14:49,76,79,60.37,93.04,15.5,2.73
noumea,nc,12/9/2017,12/9/2017 14:30,32,78,-22.28,166.46,75.2,2.24
ilo,pe,12/9/2017,12/9/2017 14:47,8,76,-17.64,-71.34,68.83,3.62
padang,id,12/9/2017,12/9/2017 14:49,56,100,-0.95,100.35,78.14,6.42
jawhar,so,12/9/2017,12/9/2017 14:49,32,34,2.78,45.5,87.77,10.67
huanren,cn,12/9/2017,12/9/2017 14:49,48,62,41.26,125.37,24.46,4.63
coihaique,cl,12/9/2017,12/9/2017 14:00,90,62,-45.58,-72.07,55.4,6.93
egvekinot,ru,12/9/2017,12/9/2017 14:49,12,71,66.32,-179.17,10.55,4.18
villanueva,co,12/9/2017,12/9/2017 14:49,12,53,5.28,-71.97,89.93,15.48
chimbote,pe,12/9/2017,12/9/2017 14:49,56,85,-9.09,-78.58,66.85,3.62
obuasi,gh,12/9/2017,12/9/2017 14:49,8,97,6.21,-1.66,80.48,4.41
richards bay,za,12/9/2017,12/9/2017 14:49,0,63,-28.78,32.04,81.47,10.67
xam nua,la,12/9/2017,12/9/2017 14:49,92,98,20.42,104.04,57.44,2.39
brae,gb,12/9/2017,12/9/2017 14:20,80,74,60.4,-1.35,35.6,12.75
bujaru,br,12/9/2017,12/9/2017 14:00,75,66,-1.51,-48.04,87.8,9.17
george town,ky,12/9/2017,12/9/2017 14:00,90,100,19.29,-81.37,75.2,14.99
bulungu,cd,12/9/2017,12/9/2017 14:49,68,80,-4.55,18.6,79.81,6.98
marsa matruh,eg,12/9/2017,12/9/2017 14:00,40,55,31.35,27.25,64.4,8.05
mazagao,br,12/9/2017,12/9/2017 14:00,40,50,-0.12,-51.29,95,13.87
michigan city,us,12/9/2017,12/9/2017 14:15,90,86,41.71,-86.9,32,10.29
bilma,ne,12/9/2017,12/9/2017 14:49,92,37,18.69,12.92,69.23,5.41
abong mbang,cm,12/9/2017,12/9/2017 14:49,68,50,3.98,13.18,84.71,2.73
ngunguru,nz,12/9/2017,12/9/2017 14:49,92,100,-35.62,174.5,65.23,9.78
aripuana,br,12/9/2017,12/9/2017 14:49,64,77,-9.17,-60.63,87.01,3.51
kamenka,ru,12/9/2017,12/9/2017 14:49,80,92,51.32,42.77,26.08,9.1
mogocha,ru,12/9/2017,12/9/2017 14:49,44,24,53.73,119.77,-17.85,8.43
vila nova de milfontes,pt,12/9/2017,12/9/2017 14:49,56,96,37.72,-8.78,62.84,14.47
nyurba,ru,12/9/2017,12/9/2017 14:49,24,47,63.28,118.33,-29.01,4.63
balgazyn,ru,12/9/2017,12/9/2017 14:49,0,51,51,95.2,-12.04,2.28
san martin,ar,12/9/2017,12/9/2017 14:00,0,29,-33.08,-68.47,77,11.41
meulaboh,id,12/9/2017,12/9/2017 14:49,80,100,4.14,96.13,78.68,2.62
ghauspur,pk,12/9/2017,12/9/2017 14:00,40,63,28.14,69.08,64.4,2.39
akron,us,12/9/2017,12/9/2017 14:15,90,73,41.08,-81.52,24.8,4.7
kisangani,cd,12/9/2017,12/9/2017 14:49,32,86,0.52,25.2,79.22,2.73
kirakira,sb,12/9/2017,12/9/2017 14:49,92,100,-10.45,161.92,84.85,3.85
caraguatay,py,12/9/2017,12/9/2017 14:49,8,61,-25.23,-56.82,92.99,3.62
fare,pf,12/9/2017,12/9/2017 14:49,80,100,-16.7,-151.02,78.55,13.35
totolapan,mx,12/9/2017,12/9/2017 13:50,5,51,18.97,-98.92,59,2.73
nanortalik,gl,12/9/2017,12/9/2017 14:49,92,90,60.14,-45.24,34.22,8.99
barreirinhas,br,12/9/2017,12/9/2017 14:49,8,49,-2.75,-42.83,91.73,14.47
ishim,ru,12/9/2017,12/9/2017 14:49,92,84,56.11,69.49,18.38,12.8
belyy yar,ru,12/9/2017,12/9/2017 14:00,75,84,53.6,91.39,6.8,3.06
sao gabriel da cachoeira,br,12/9/2017,12/9/2017 14:00,40,88,-0.13,-67.09,80.6,4.7
mayumba,ga,12/9/2017,12/9/2017 14:49,80,95,-3.43,10.66,78.91,9.33
nisia floresta,br,12/9/2017,12/9/2017 14:00,40,62,-6.09,-35.21,86,13.87
alice springs,au,12/9/2017,12/9/2017 14:00,0,27,-23.7,133.88,68,3.36
wanning,cn,12/9/2017,12/9/2017 14:49,0,100,18.8,110.4,68.56,10.78
sur,om,12/9/2017,12/9/2017 14:49,36,100,22.57,59.53,70.18,17.49
torbay,ca,12/9/2017,12/9/2017 14:27,90,93,47.67,-52.73,37.4,11.41
kodinsk,ru,12/9/2017,12/9/2017 14:49,44,60,58.69,99.18,-2.28,3.96
flic en flac,mu,12/9/2017,12/9/2017 14:00,40,69,-20.27,57.36,80.6,11.41
mwinilunga,zm,12/9/2017,12/9/2017 14:49,92,73,-11.74,24.43,74.36,2.62
talaja,in,12/9/2017,12/9/2017 14:00,0,65,21.35,72.05,80.6,2.28
taltal,cl,12/9/2017,12/9/2017 14:49,0,58,-25.4,-70.48,71.26,3.62
wuwei,cn,12/9/2017,12/9/2017 14:49,0,56,37.93,102.64,1.33,2.62
jinchang,cn,12/9/2017,12/9/2017 14:49,0,58,38.5,102.17,6.01,3.06
nouadhibou,mr,12/9/2017,12/9/2017 14:00,12,38,20.93,-17.03,73.4,10.29
severnyy,ru,12/9/2017,12/9/2017 14:00,90,100,50.68,36.55,33.8,6.71
saint-augustin,ca,12/9/2017,12/9/2017 14:49,0,100,51.23,-58.65,25.49,12.24
lichtenburg,za,12/9/2017,12/9/2017 14:49,88,57,-26.15,26.16,76.07,11.9
mazatlan,mx,12/9/2017,12/9/2017 13:44,40,87,23.22,-106.42,46.4,4.7
ossora,ru,12/9/2017,12/9/2017 14:49,88,89,59.24,163.07,20.68,18.72
casablanca,ma,12/9/2017,12/9/2017 14:30,0,52,33.59,-7.62,68,8.05
nieves,mx,12/9/2017,12/9/2017 14:49,0,57,24,-103.02,21.26,4.41
sangar,ru,12/9/2017,12/9/2017 14:49,0,0,63.92,127.47,-38.01,4.74
tucumcari,us,12/9/2017,12/9/2017 13:53,1,53,35.17,-103.72,26.6,9.17
iqaluit,ca,12/9/2017,12/9/2017 14:00,90,78,63.75,-68.51,17.6,5.82
shasta lake,us,12/9/2017,12/9/2017 13:54,1,86,40.68,-122.37,35.6,2.39
batemans bay,au,12/9/2017,12/9/2017 14:49,0,100,-35.72,150.18,58.43,2.51
mercedes,ar,12/9/2017,12/9/2017 14:49,0,38,-34.65,-59.43,90.43,8.43
zheleznodorozhnyy,ru,12/9/2017,12/9/2017 14:00,90,94,55.75,38,33.8,6.71
micheweni,tz,12/9/2017,12/9/2017 14:49,44,100,-4.97,39.83,83.18,19.06
linhares,br,12/9/2017,12/9/2017 14:49,36,95,-19.39,-40.07,84.76,4.97
northam,au,12/9/2017,12/9/2017 14:00,24,56,-31.67,116.67,73.4,1.12
la asuncion,ve,12/9/2017,12/9/2017 14:49,36,100,11.03,-63.86,78.95,14.47
harper,lr,12/9/2017,12/9/2017 14:49,56,100,4.38,-7.72,76.52,14.25
bonavista,ca,12/9/2017,12/9/2017 14:49,88,98,48.65,-53.11,35.53,11.45
isangel,vu,12/9/2017,12/9/2017 14:49,80,100,-19.55,169.27,77.51,11.12
pula,hr,12/9/2017,12/9/2017 14:30,20,56,44.87,13.85,42.8,10.29
shumskiy,ru,12/9/2017,12/9/2017 14:49,76,82,54.83,99.13,13.25,2.62
pesaro,it,12/9/2017,12/9/2017 14:15,40,100,43.9,12.89,44.6,4.7
carballo,es,12/9/2017,12/9/2017 14:30,75,82,43.21,-8.69,60.8,12.75
burriana,es,12/9/2017,12/9/2017 14:30,20,44,39.89,-0.09,60.8,4.7
meteti,pa,12/9/2017,12/9/2017 14:49,80,100,8.5,-77.98,76.93,3.62
pakokku,mm,12/9/2017,12/9/2017 14:49,92,100,21.33,95.1,69.5,6.87
aktau,kz,12/9/2017,12/9/2017 14:00,20,92,43.65,51.2,24.8,6.71
springdale,ca,12/9/2017,12/9/2017 14:49,56,93,49.5,-56.06,33.68,13.8
koumac,nc,12/9/2017,12/9/2017 14:49,12,95,-20.57,164.28,73.15,5.97
hanmer springs,nz,12/9/2017,12/9/2017 14:49,56,66,-42.52,172.82,62.21,10.67
tahoua,ne,12/9/2017,12/9/2017 14:00,0,18,14.89,5.27,84.2,6.93
ahipara,nz,12/9/2017,12/9/2017 14:49,64,100,-35.17,173.17,61.13,4.63
muros,es,12/9/2017,12/9/2017 14:30,90,100,42.78,-9.06,55.4,10.29
zyryanskoye,ru,12/9/2017,12/9/2017 14:49,0,77,56.83,86.63,14.83,11.68
kushalgarh,in,12/9/2017,12/9/2017 14:49,32,64,23.2,74.45,70.67,4.52
peniche,pt,12/9/2017,12/9/2017 14:30,40,82,39.36,-9.38,62.6,8.05
stephenville,us,12/9/2017,12/9/2017 14:15,1,55,32.22,-98.2,42.8,14.47
staryy urukh,ru,12/9/2017,12/9/2017 14:00,0,75,43.34,44.02,41,2.24
faribault,us,12/9/2017,12/9/2017 14:19,90,73,44.3,-93.27,21.2,6.93
lavrentiya,ru,12/9/2017,12/9/2017 14:49,0,100,65.58,-171,23.33,24.09
erzin,ru,12/9/2017,12/9/2017 14:49,0,53,50.26,95.16,-13.57,2.95
dire,ml,12/9/2017,12/9/2017 14:49,0,22,12.28,-10.97,92.27,8.32
